<?xml version="1.0" encoding="UTF-8"?>
<!DOCTYPE mapper
  PUBLIC "-//mybatis.org//DTD Mapper 3.0//EN"
  "http://mybatis.org/dtd/mybatis-3-mapper.dtd">
<mapper namespace="iqBoard">

	<!-- 1. 전체 개수 얻기 -->
	<select id ="selectCount" resultType="int">
		select count(*) from inquiry_board 
	</select>

	<!-- 2. 게시글 1개 얻기  -->
	<select id ="selectByIdx" parameterType="int" resultType="inquiryBoardVO">
		select * from inquiry_board where inquiry_idx=#{inquiry_idx}
	</select>

	<!-- 3. 1페이지 얻기 -->
	<select id ="selectList" parameterType="hashmap" resultType="inquiryBoardVO">
		select
			R.*
		from
			( select 
				rownum rnum, Q.*
			  from	
				(select * from inquiry_board order by inquiry_idx desc) Q
			  where
			  	<![CDATA[
			  	rownum  <= #{endNo}
			  	]]>
			) R
		where
			<![CDATA[
			rnum  >= #{startNo}
			]]>		
	</select>

	<!-- 4. 저장 -->
	<insert id ="insert" parameterType="inquiryBoardVO">
		insert into
			inquiry_board (inquiry_idx, id, subject, content, regDate, clickCount,answerCheck,openCheck,commentCount)
		values
			(inquiry_idx_seq.nextval, #{id},#{subject} ,#{content} ,SYSDATE,0 , #{answerCheck} , #{openCheck}, 0)
	</insert>

	<!-- 5. 수정 -->
	<update id = "update" parameterType="inquiryBoardVO">
		update 
			inquiry_board
		set
			subject = #{subject},
			content = #{content},
			regDate = SYSDATE
		where
			inquiry_idx = #{inquiry_idx}	
	</update>
	
	<!-- 6. 삭제 -->
	<delete id = "delete" parameterType="int">
		delete from inquiry_board where inquiry_idx = #{inquiry_idx}
	</delete>
	
	<!-- 7. 조회수 증가 -->
	<update id="increment" parameterType="int">
		update inquiry_board set clickCount = clickCount + 1 where inquiry_idx=#{inquiry_idx}
	</update>
	

</mapper>
