<?xml version="1.0" encoding="UTF-8"?>
<!DOCTYPE mapper
  PUBLIC "-//mybatis.org//DTD Mapper 3.0//EN"
  "http://mybatis.org/dtd/mybatis-3-mapper.dtd">
<mapper namespace="iqcomment">
	
	<!-- 1. 지정 번호의 댓글의 개수 구하기 -->
	<select id="selectCount" parameterType="int" resultType="int">
		select count(*) from inquiry_CommentBoard where inquiry_idx=#{inquiry_idx}
	</select>
	
	<!--  2.지정 번호의 댓글 리스트 구하기 -->
	<select id="selectList" parameterType="int" resultType="InquiryCommentBoardVO">
		select * from inquiry_CommentBoard where inquiry_idx =#{inquiry_idx} order by inquiry_comment_idx desc
	</select>
	
	<!-- 3. 1개 얻기 -->
	<select id="selectByIdx" parameterType="int" resultType="InquiryCommentBoardVO">
		select * from inquiry_CommentBoard where inquiry_comment_idx = #{inquiry_comment_idx}
	</select>
	<!-- 4. 저장 -->
	<select id="insert" parameterType="InquiryCommentBoardVO">
		insert into inquiry_CommentBoard 
			(inquiry_comment_idx, inquiry_idx, id,content, user_idx, regDate)
		values
			(inquiry_comment_idx_seq.nextval, #{inquiry_idx}, #{id}, #{content}, #{user_idx},SYSDATE)
	</select>
	
	<!-- 5. 수정 -->
	<select id="update" parameterType="InquiryCommentBoardVO">
		update inquiry_CommentBoard set content=#{content}, regDate= sysdate where inquiry_comment_idx=#{inquiry_comment_idx}
	</select>
	<!-- 6 삭제 -->
	<select id="delete" parameterType="int">
		delete from inquiry_CommentBoard where inquiry_comment_idx = #{inquiry_comment_idx}
	</select>
	<!-- 7. 지정 번호의 댓글 모두 지우기 -->
	<select id="deleteByRef" parameterType="int">
		delete from inquiry_CommentBoard where inquiry_idx=#{inquiry_idx}
	</select>
</mapper>
