<?xml version="1.0" encoding="UTF-8"?>
<!DOCTYPE mapper
  PUBLIC "-//mybatis.org//DTD Mapper 3.0//EN"
  "http://mybatis.org/dtd/mybatis-3-mapper.dtd">
<mapper namespace="noticeComment">

<!-- 게시글 전체 댓글 갯수 -->
<select id="selectCount" resultType="int" parameterType="int">
	select count(*) from noticeComment where notice_idx=#{notice_idx}
</select>

<!-- 게시글 댓글 전체 가져오기 -->
<select id="selectList" resultType="NoticeCommentVO" parameterType="int">
	select * from noticeComment where notice_idx=#{notice_idx} order by nc_idx desc
</select>

<!-- 댓글 1개 얻기 -->
<select id="selectByIdx" resultType="NoticeCommentVO" parameterType="int">
	select * from noticeComment where nc_idx=#{nc_idx}
</select>

<!-- 저장 -->
<insert id="insert" parameterType="NoticeCommentVO">
	insert into noticeComment values(nc_idx_seq.nextval,#{notice_idx},#{id},#{content},SYSDATE,0)
</insert>

<!-- 수정 -->
<update id="update" parameterType="NoticeCommentVO">
	update noticeComment set content=#{content},regDate=SYSDATE where nc_idx=#{nc_idx}
</update>

<!-- 삭제 -->
<delete id="delete" parameterType="int">
	delete from noticeComment where nc_idx=#{nc_idx}
</delete>

<!-- 7. 지정 번호의 댓글 모두 지우기 -->
	<delete id="deleteByRef" parameterType="int">
		delete from noticeComment where notice_idx=#{notice_idx}
	</delete>

<!-- 추천수 증가 -->
	<update id="likeCountUp" parameterType="int">
		update noticeComment set  likeCount = likeCount + 1 where nc_idx=#{nc_idx}
	</update>
</mapper>