<?xml version="1.0" encoding="UTF-8"?>
<!DOCTYPE mapper
  PUBLIC "-//mybatis.org//DTD Mapper 3.0//EN"
  "http://mybatis.org/dtd/mybatis-3-mapper.dtd">
	<!-- 전체 개수 얻기 -->
<mapper namespace="noticeBoard">
	<select id="selectCount" resultType="int">
		select count(*) from noticeBoard
	</select>
	
	<!-- 게시글 한개 얻기 -->
	<select id="selectByIdx" resultType="NoticeBoardVO" parameterType="int">
		select * from noticeBoard where notice_idx = #{notice_idx}
	</select>
	
	<!-- 한 페이지 얻기 parameteType 왜그런지 물어보기-->
	<select id="selectList" resultType="NoticeBoardVO" parameterType="hashmap">
		select
			R.*
		from
			( select 
				rownum rnum, Q.*
			  from	
				(select * from noticeBoard order by notice_idx desc) Q
			  where
			  	<![CDATA[
			  	rownum  <= #{endNo}
			  	]]>
			) R
		where
			<![CDATA[
			rnum  >= #{startNo}
			]]>
	</select>
	
	<!-- 저장 -->
	<insert id="insert" parameterType="NoticeBoardVO">
		insert into noticeBoard values(notice_idx_Seq.nextval, #{id}, #{subject}, #{content}, SYSDATE, 0, 0)
	</insert>
	
	<!-- 수정 -->
	<update id="update" parameterType="NoticeBoardVO">
		update noticeBoard set subject=#{subject}, content=#{content}, regDate=SYSDATE where notice_idx = #{notice_idx}
	</update>
	
	<!-- 삭제 parameteType 왜그런지 물어보기-->
	<delete id="delete" parameterType="int">
		delete from noticeBoard where notice_idx = #{notice_idx}
	</delete>
	
	<!-- 조회수 증가 -->
	<update id="clickCountUp" parameterType="int">
		update noticeBoard set  clickCount = clickCount + 1 where notice_idx=#{notice_idx}
	</update>
	
	<!-- 추천수 증가 -->
	<update id="likeCountUp" parameterType="int">
		update noticeBoard set  likeCount = likeCount + 1 where notice_idx=#{notice_idx}
	</update>
	
</mapper>