<?xml version="1.0" encoding="UTF-8"?>
<!DOCTYPE mapper
  PUBLIC "-//mybatis.org//DTD Mapper 3.0//EN"
  "http://mybatis.org/dtd/mybatis-3-mapper.dtd">
<mapper namespace="user">

	<insert id="insert" parameterType="UserVO">
		INSERT INTO user_info VALUES
		(user_idx_seq.nextval,#{id},#{password},#{name},#{birth},#{gender}
		,#{email},#{phone},#{postCode},#{addr1},#{addr2}, 0, 0)
	</insert>

	<update id="update" parameterType="UserVO">
		update user_info set
		password = #{password},
		email = #{email},
		postCode = #{postCode},
		addr1 = #{addr1},
		addr2 = #{addr2}
		where
		user_idx=#{user_idx}
	</update>
	<update id="supervisorUpdate" parameterType="UserVO">
		update user_info set
		name = #{name},
		phone = #{phone},
		postCode = #{postCode},
		addr1 = #{addr1},
		addr2 = #{addr2},
		use = #{use},
		lev = #{lev}
		where
		user_idx=#{user_idx}
	</update>

	<delete id="delete" parameterType="int">
		delete from user_info where
		user_idx=#{user_idx}
	</delete>

	<select id="selectByIdx" parameterType="int" resultType="UserVO">
		select *
		from user_info where user_idx=#{user_idx}
	</select>

	<select id="selectByUserid" parameterType="string"
		resultType="UserVO">
		select * from user_info where id=#{id}
	</select>

	<select id="selectList" resultType="UserVO">
		select * from user_info order by
		user_idx desc
	</select>

	<select id="selectUseridCount" parameterType="string"
		resultType="int">
		select count(*) from user_info where id=#{id}
	</select>

	<update id="updateUse" parameterType="hashmap">
		update user_info set
		use=#{use} where user_idx=#{user_idx}
	</update>

	<update id="updateLevel" parameterType="hashmap">
		update user_info set
		lev=#{lev} where user_idx=#{user_idx}
	</update>

	<update id="updatePassword" parameterType="hashmap">
		update user_info set
		password=#{password} where id=#{id}
	</update>

	<select id="selectByName" parameterType="string"
		resultType="UserVO">
		select * from user_info where name=#{name}
	</select>

	<!-- 3. 1페이지 얻기 -->
	<select id="selectPageList" parameterType="hashmap" resultType="UserVO">	
		select
			R.*
		from
			( select 
				rownum rnum, Q.*
			  from	
				(select * from user_info order by user_idx desc) Q
			  where
			  	<![CDATA[
			  	rownum  <= #{endNo}
			  	]]>
			) R
		where
			<![CDATA[
			rnum  >= #{startNo}
			]]>
	</select>
	
	<select id="selectCount" resultType="int">
		select count(*) from user_info
	</select>

</mapper>
